{"cameraMode":{"drawMode":0,"name":"Shaded","section":"Shading Mode"},"sceneLighting":false,"audioPlay":false,"sceneViewState":{"m_AlwaysRefresh":false,"showFog":true,"showSkybox":false,"showFlares":true,"showImageEffects":true,"showParticleSystems":true,"showVisualEffectGraphs":true,"m_FxEnabled":true},"in2DMode":false,"pivot":{"x":-2.1754205226898195,"y":0.224160298705101,"z":-0.3170988857746124},"rotation":{"x":0.025866467505693437,"y":0.723362922668457,"z":-0.02713882178068161,"w":0.6894487142562866},"size":1.2247474193572999,"orthographic":false}